class,a1,a2,a3,a4,a5,a6,a7,a8
1.0,112.44822439604945,19.01722432386637,141.70230314749296,118.84199332217278,178.26303327990277,178.02610552343725,169.55958923329436,170.52417954579892
1.0,119.26243091246266,21.969540044910357,139.4128314127638,121.85068038671508,176.00909977823255,175.77851268077606,167.46705820943384,172.5191892031445
1.0,120.4783557295151,25.50442540882894,135.24214040281075,123.0879096316728,177.84267561880614,172.25670227921165,165.81001449176674,170.75659122418733
1.0,128.730361525927,20.637498963804102,133.42792359236952,134.94918054029935,175.97897460331725,171.62578042518672,162.78268940070916,170.10561194019223
1.0,150.2116342256595,24.036958313421618,128.47697309215366,136.7569825970224,174.55274544644064,171.2272826794702,160.2205750241304,171.26161199057458
1.0,162.548868054273,19.996145544981875,143.49947250048197,143.0376222037399,173.88480002682246,169.3368814567123,160.7122937785459,176.16895842054907
1.0,171.38017166180828,16.11286841265938,142.30685713263435,156.29156643208043,174.73195636570748,168.5054611559837,166.8337255872133,177.92995252721852
1.0,175.60042117025813,17.42444169607382,146.92917178276244,153.23400589534947,171.69105282894583,169.62733043212046,158.67318574152938,174.8729661379684
1.0,0.0,0.0,0.0,66.32969512859815,0.0,66.32969512859815,0.0,0.0
1.0,161.53312270594026,17.954132327328086,143.06609130340104,152.83739534374706,167.4561363870717,173.43350270419478,154.75692767043944,176.09258916652922
1.0,0.0,0.0,0.0,0.0,0.0,0.0,64.98523017291717,65.2283503515254
1.0,162.77247100522297,16.37611386750784,137.46668250558946,159.84498031144338,159.9920176202836,175.308743824899,148.78875996985255,173.53866179321784
1.0,0.0,0.0,0.0,0.0,0.0,0.0,0.0,0.0
1.0,154.5432931250167,16.86944507780526,123.94179142562855,123.735760973949,167.8741623030059,176.1818172615993,156.88195822763706,177.0796934512945
1.0,30.48429671083545,61.033961178452735,179.2109666992882,61.687563165526534,179.2396711840759,0.0,61.74565126815161,61.033961178452735
1.0,144.18729750977286,33.523806224639536,126.92202924617868,149.603874350197,179.16328500886382,173.28668436638242,163.03743215939818,171.04603203544985
1.0,50.13087329561638,177.1859500604688,173.5400720314937,162.636475672458,112.0133067921627,139.75289505390472,76.15849434419914,60.39786214815409
1.0,154.18224156222158,55.93506025492258,132.20113472332903,129.9924840298061,178.7266468599904,173.92734764817294,31.984135080371495,41.92300999537142
1.0,63.17499988830872,123.65137853567703,167.54587580879559,158.8949674422025,119.70247144546374,97.28778184588508,68.31940241506881,48.4383564779517
1.0,153.57397958376052,75.77393508056849,127.83694869900664,121.2581239608651,175.45582225856495,163.83436300048527,25.211691266874965,32.622423692331076
1.0,154.22358313754106,112.64560100242034,140.94838349280568,103.78761394274274,174.50238991124672,161.08156965226914,28.452142148727468,35.27395015564574
1.0,62.84863179929573,150.57477601916906,138.2091403454703,131.3316227860441,0.5150958422347848,24.026540419234717,43.354151541648946,24.2261540922501
1.0,96.85520279531603,141.12752378732924,142.837418292347,111.2192647784436,0.15143997442351625,24.01118121582418,41.896607057203205,17.84498813611264
1.0,115.82895552941508,124.28253061836126,154.29059805900343,99.2693155312844,175.1296003787005,169.7620691006293,163.03873417693447,167.47905069929243
1.0,167.33789502934263,103.96036100842232,165.52260634978248,167.06820557941492,91.86855469935132,66.18932417160403,90.05890611793455,155.75430535260193
1.0,125.61813325941817,145.1204654418704,163.70385700857562,95.34236410680798,178.69060820226696,163.2388751947862,34.87683222629513,43.38103374950696
1.0,174.48204005648896,6.946398232741192,170.30570057168438,64.87146918754078,57.60272000177492,111.13240977363175,170.16532831151542,177.31209893815287
1.0,117.96362444871258,157.79295038749888,171.61723342007068,111.07249054170613,173.57144148045828,152.16166763483497,175.77480886163553,176.2878344906572
1.0,160.70974481886952,11.458536314147622,170.89095679471959,57.860631071455686,28.456041066265712,168.29452934094104,4.600868386954492,58.107565416367024
1.0,106.1365679464553,167.58670628401433,165.03468301910965,99.50012109392294,176.33375444830102,146.07237530865518,176.5354808552621,163.74522203415472
1.0,69.16021777541987,106.92403434960177,129.71066993382212,71.52270603610698,144.19475004287906,169.34739321820172,56.1070476007448,53.396013239016774
1.0,112.88971094134632,174.19344998908232,174.98102105719371,100.56676161705597,24.671429496438552,116.36852072730926,158.42994500594128,156.99159568931015
1.0,99.61459900308452,153.4014761092483,156.72682580957635,111.97651507170949,12.38106394834422,81.21399091511812,92.53772051842004,118.797428356957
1.0,89.26201516600672,168.49694123352515,165.61809795583878,138.20404025142497,3.6604518342886556,43.61128155029854,55.01673492549486,104.7259155839125
1.0,68.64820107295782,125.14449950594815,101.98533001982436,169.78844451785523,34.18366589693755,46.84525331622677,26.84857266295586,19.555052980718866
1.0,51.332915993427044,150.1474834178054,160.42756943690617,148.20673751329224,15.18674995495179,52.311850434716376,48.050111177396424,170.7082284588753
1.0,68.19540054211348,90.26453990661895,128.2068642722857,156.21779211112027,39.53033818955192,48.54502305337172,138.8784042488611,122.83527554968916
1.0,55.15735786442399,102.88014475744455,149.02466067658173,151.70803429950683,164.83318978018193,87.32171847662516,173.45864514042935,179.3450531796067
1.0,61.26759579166853,91.99088090456092,129.99100976153073,144.02962376671735,50.836788963750166,61.283195413245345,129.56532556719316,114.14905227592777
1.0,119.63473783494632,123.31621637589919,142.72005543990147,144.5898217776633,67.40967910012318,67.71413580360053,177.5247972091871,36.582521799054454
1.0,57.449265965466125,88.44462372326865,111.75145698113288,140.1993691170772,57.52872998691918,73.97671752521876,133.0673862613383,109.5195369033722
1.0,135.31415290312594,112.67154141525593,114.86318361561175,128.30165928355558,77.39587201131984,92.71783234195173,166.4983224476577,31.77463929267853
1.0,86.04185371566822,62.74425970760146,147.05021836718308,147.4844367422751,78.05891585057337,91.6914089792884,150.48633054661516,136.66104639763392
1.0,88.15700113574724,45.63749282135703,80.70557776473083,95.43988470644084,93.21888508509345,103.82708895898386,151.26765026667346,149.8487821943305
1.0,78.28988194990833,40.89815077378813,87.42762496203771,132.3214374162528,99.44131786071767,119.50767542445351,164.3699710161483,141.21776912276948
1.0,113.0233900170247,93.11415647910889,155.20698179620618,154.0109614099656,108.15118063098447,134.05422947161713,11.278072958793087,39.60859739026745
1.0,106.10434125892623,100.43665292609155,159.732751531911,157.0097644562533,103.63987109549088,128.86018533824625,139.19961849124272,128.0376723790638
1.0,84.34252772831906,98.02156997970849,63.647254984130655,179.96436010303375,114.6391217952189,135.77768892402307,153.3250253345859,156.64346642372533
1.0,60.27457286103145,121.05852775506455,128.90677473029848,165.93133794420547,118.10158338643286,142.9088553544039,174.03047177442332,177.8307661955245
1.0,128.89235486319444,123.50879948457273,38.02446800664044,52.67932943608399,139.01335668667673,156.15758932846518,171.42956436655774,168.83632401694317
1.0,130.37055021273954,125.03430236937444,46.88819456037428,52.743078369465145,137.023411743264,150.50985917892874,19.38271153506438,154.52912822947772
1.0,152.95186064905914,13.957966886959575,67.34743092997982,130.32919099948427,151.77567551467695,161.3684608422208,163.00206288694824,178.18328310252292
1.0,167.53670038280012,16.000207205678546,120.90643826232001,174.01855680468964,167.87774252108196,179.1679145812784,178.8987424714356,167.96880422262595
1.0,155.75021794100172,14.971745486959437,174.36732385238003,174.33505831833293,162.86184659031255,178.84075754439465,175.59808077057528,179.7167714555548
1.0,161.79252455801935,21.620664623121826,175.35477037443223,174.485892677209,167.98519045445053,167.2031823095075,176.40672161213746,172.0835664098728
1.0,175.1496678737078,26.03547455934923,4.7281453243847,178.4587125148384,173.20266753944261,155.31700796111872,175.03796419598322,165.55276180130093
1.0,166.9870164770852,33.935167904528555,12.607965074053311,169.94042198694015,165.4426005073176,138.57663367383356,155.97794744570675,150.94804853687097
1.0,150.66369887939294,27.943851232329955,28.232707373398107,65.75267390536965,161.2902282750181,133.5829115435213,154.7847969560032,153.60590857807367
1.0,144.0357824641094,47.32353509156544,34.15638219056229,148.52172031613625,142.38319509533292,115.55961341013025,142.78140348523942,142.92681181898413
1.0,93.50736319943013,83.96768228852187,151.42514529708595,155.96614028300448,67.9627428591913,70.41420157392709,130.5231840902506,132.10863207701763
1.0,113.1062119687439,38.94550593198162,176.17312939045524,154.5184473347039,169.26078942033035,141.22299013018932,165.9539193481747,155.5244481318193
1.0,0.0,34.9851282658911,48.717638207891014,160.23486866726947,141.80762230182776,74.3566928562264,137.125826957843,70.2411427876637
1.0,83.27987051472257,91.46790976387592,137.1735118488546,167.30837673317592,85.81645173571214,67.84898109645731,159.77336771624772,164.6453871673378
1.0,107.74250628351669,36.95568768812626,69.70610434984677,177.61647684647778,147.21668440092662,122.04604677328265,153.90650746416787,140.7603697633682
1.0,103.10607379373084,97.20015172691933,144.27974349743795,174.44427652297605,70.69813130975943,56.112903026201174,158.67326150710906,159.39596212095887
1.0,112.05361755302297,36.56296302681794,65.05451700064951,179.25779645655632,156.07173641931317,130.18429444975646,164.69640756949292,165.93266328031777
1.0,100.51746907159446,92.49897942688779,148.1716395149958,177.44740944400675,80.75155050762463,69.6917445972072,168.2216734428634,165.00154255206792
1.0,130.90036519257384,29.444472718975568,46.5017361863099,165.30561601443975,169.76443257275838,144.94994874738066,175.64247224908235,167.42343866004356
1.0,0.0,59.68984198110224,48.982218308461775,169.50220914015873,121.0457846075332,97.2432075808411,132.63447118846145,131.78535426557823
1.0,86.14410925540874,93.92856756519694,178.16473218423312,165.5073961939305,63.09092520759472,59.34025610774889,144.19056074785115,127.39493261086037
1.0,102.67186483001399,74.6472643426994,164.3584794772689,178.117615330062,115.72108357916392,126.22139077482049,155.0763397459335,161.9779510655656
1.0,81.54124398563046,91.89785734005835,169.5681584051824,176.24177761405485,61.610168904608884,58.74514290324497,135.83582857815097,109.3527428504519
1.0,93.33041910766224,0.13846446334679283,140.01867008823075,117.89855728861866,87.48256035552888,164.9163227370277,147.13454026868422,129.7938257698266
1.0,80.35702483301779,88.75455041124394,167.9881912030928,175.84116052534216,63.39458129173849,63.84597776718752,122.96982826112529,99.85966857019292
1.0,109.77221242850757,6.6067041569674,172.14833594658214,178.63466278863135,176.69109223661948,169.51072003786828,174.16282125236722,172.0928060837914
1.0,81.00521996326404,79.17015503525573,163.26137661382907,175.3954413721744,70.37011776619634,66.80266937095455,131.25923737469995,127.13740287699255
1.0,101.96752001969122,10.635249325498519,168.99788000727474,173.19430141025813,128.09920011594394,138.02033929713497,179.45624607756397,168.8054692414221
1.0,85.84203148524296,79.3908810157759,167.31133958862657,173.10677771056262,74.86536144308835,69.85444177664583,129.62857731288025,114.19686432854053
1.0,98.40765894918997,34.22845351389461,159.94136687495148,176.63480179402657,109.8716448062647,109.19499493551398,168.9145059371518,155.8209475592373
1.0,96.99855340256545,84.57749112402303,170.1773869081708,175.688189076716,79.05953115062326,66.3225180023422,143.4302153750855,130.52339259030745
1.0,96.12950601852816,50.220465494257155,156.00273273128462,171.58445447340935,84.19160773375144,85.97607612829853,159.31594345265492,147.14621067334218
1.0,96.62370475403463,76.78043985961733,174.92985691070226,168.74949450200668,82.2610512604393,85.12200679790278,147.0745106404421,139.3232404493398
1.0,52.895902399158665,11.12444135293353,120.29213279145287,175.57594465276495,117.16025657340472,179.11195385955241,155.35174429681695,163.26024137281578
1.0,105.18479248481452,68.81166756300307,171.20927134907694,160.60618835234789,73.0792827352463,91.26700344969832,129.66980628522361,131.20029347624902
1.0,0.0,112.92409123236611,0.0,177.07880784535743,112.1553492572971,76.3309701776086,153.40666537894782,153.37153703135857
1.0,103.72625977716882,68.3056054004387,167.20699898593713,161.21865399405766,72.15391071935714,101.76687081728913,142.76315721078876,148.03129089623886
1.0,0.0,95.67700137098838,0.0,170.98037280425322,129.7713415072305,93.13390008000397,159.53075737949268,165.36842853608013
1.0,105.12352990656836,65.33041339958179,157.65233892730865,149.6791868190705,76.18346393437379,110.54636595631474,141.76385513375266,157.3215654029157
1.0,51.41740376472538,99.76797246030294,127.2111486207009,174.3206521671947,120.76110319404165,77.17614422037514,142.69774717621812,144.34226861218477
1.0,113.40125584248199,55.016919010226836,157.26148042195587,149.00439748306255,79.27184907657859,111.75290507962823,138.91410469137986,149.2166758034826
1.0,0.0,4.089326765062525,54.049225314220585,111.579216158121,125.71124146641563,136.1100303031259,166.46647295877713,169.1690151768891
1.0,119.52358411517017,49.266906019686495,157.73904858264746,153.2779281272982,85.3291519516492,116.95967632220348,146.61763098757888,149.332436712101
1.0,116.80814584491742,135.26176034201558,148.95578668099728,166.46672222157488,51.73702705751069,29.817662003173645,167.49985790902872,166.50888768503106
1.0,118.61936101450951,49.26761479822719,146.2050110693329,158.8950264711333,86.22962401665382,118.98018612499473,151.01744760195277,146.6033484152441
1.0,124.96006771719405,138.57685777739167,166.32377928099353,171.9997987932709,36.76493309430128,20.830995243290037,168.81065198124193,169.02174335860008
1.0,127.78117153971506,40.90057374883282,130.96787123810068,154.43518128370087,89.9324999837731,131.75830712147234,156.68840441550788,155.64357142207308
1.0,133.31963150035978,116.2441652517405,179.03379785782496,177.38619793372177,51.03467444426024,37.377233062380554,164.47100672492869,162.74862709009324
1.0,139.42019723576243,33.26816828349167,151.1634119174435,150.14430824598134,98.26270433662769,140.9044294780362,156.21021799447337,154.9840656260182
1.0,134.07240698814988,89.18581281062748,173.49622447685653,173.85234376950268,78.94986063356862,69.33744477037945,164.90222555086615,162.80646266806923
1.0,148.53656180934053,51.42811971964546,172.09436375201386,33.61236689965572,99.77194452400356,137.3880555853449,156.99108829630853,148.63806939878222
1.0,126.56765761620736,139.0874603052026,175.1800388265425,176.1799254400615,35.91396407312303,46.56021314270421,165.21838464235014,171.37053469834262
1.0,149.60687626167572,47.88598876567462,168.91898482044184,159.768241382669,96.09060553815522,130.67719375932228,150.8945495683705,144.17441910491013
1.0,130.0182484782487,104.76918385068925,166.30909279390457,171.20535643116565,73.77440531475965,77.33368363456239,179.75854838225254,179.68605763528555
1.0,149.42774117814741,40.74372546881843,176.49877463034915,158.7729052801598,102.25267005822381,133.61800780253415,149.29052140239875,148.30426734767764
1.0,145.3925658228437,11.779117144619427,172.9758759870666,168.39144465393449,147.17967983737205,146.34466193556415,177.91381763446336,179.39173823609397
1.0,148.07706158582656,32.61026351756293,165.45539650020115,156.1145916328836,108.99494801594375,137.5254234132675,152.90252321803462,159.00228116286
1.0,144.31703043647374,65.32917003580914,170.6058715228391,168.06525820271514,101.26868016797445,124.5317753614452,172.96214818956224,174.33075840668502
1.0,145.3176699917459,29.85472293511456,175.7298791992959,150.65289562091428,111.08742864858516,133.74731635373288,150.49095397049481,160.7806712208464
1.0,146.59610667345433,13.496023524019728,177.02280263196494,131.90353392804192,122.33547684729477,139.4698094293502,153.00408879430077,166.6272067517199
1.0,152.34690021421122,10.879895544763462,173.31599036488907,133.66059475610862,129.66080810223704,143.76830772601633,148.7221162522429,169.2067363940214
1.0,153.95063529595566,11.55038612187297,178.48195467864088,45.56140089323553,138.4414694979459,152.99451429994065,150.24504494999496,160.41127699984557
1.0,154.8443395382809,8.94346272126921,179.62016665722066,45.233622596364874,138.41812560542843,156.1016484312749,148.08131497230514,159.61163145788942
1.0,156.53952534024108,3.6373840651412097,174.98428473997075,131.470191997248,148.73340018558918,161.22749120833328,28.91022484111923,26.779004530743286
1.0,155.12159585297786,1.6209321441874536,173.17584543851274,121.43287385443139,149.14275578157537,157.9559983068682,28.544074278518828,21.98014942681246
1.0,157.92049694685352,3.600357173680121,166.79380103287448,49.56356731288861,156.04243429283878,164.09651386159902,31.47228955780449,24.951797471356187
1.0,162.07045442214826,7.201312809012753,166.0579998293988,50.92241235302013,155.1669070587647,166.87414615913363,179.62122978021554,168.2788107827852
1.0,165.1835773018969,10.633550458298291,160.76541596776698,121.52911833531346,163.2812114438594,170.97923559977795,32.515771412411524,26.025959397314697
1.0,165.4798495175083,16.46668846391974,157.4878451815181,122.50648231104161,166.0234836808791,176.30852935852275,32.29809769150158,29.161536627532307
1.0,159.56144087288442,20.06414044986671,160.29509721061953,117.86152920876195,179.1802691960279,179.56053760019734,46.96462563725793,33.06771801990099
1.0,161.63064305613364,22.20192945758004,159.07465827823364,115.76925599252955,171.64884512204227,174.1423851747785,50.41107586077563,33.94303075863886
1.0,162.34088558632806,27.647328114369735,164.7763564726085,127.40887473416429,137.0511928544606,170.74450457659972,2.2998595235402277,38.016646850056404
1.0,0.0,144.7803574798808,46.99699075405452,48.506452507932586,171.81654732767063,171.43842541895202,172.25020900589243,173.41504258657463
1.0,155.51166680067297,19.736572373291363,160.96095563404577,140.2519299922653,164.81229503776495,167.61304957571417,51.92937807408852,35.30824111500407
1.0,162.6731040653287,22.38580520304513,144.42072275661945,129.61605508393748,157.23335427377907,162.6744535822351,55.727881358279376,36.73075398135473
1.0,170.4949153051737,18.10475770107472,164.53491003870226,128.96469126782063,160.24166830726412,158.86872780915166,49.620048923881036,37.835324928871415
1.0,170.64064084937442,18.63891300484058,141.08872162586877,135.97757606945922,156.56646302905827,157.56497886974378,52.48845441845948,37.956002375593314
1.0,175.7661743215494,19.835239767141932,140.260314400678,145.1562302598197,153.90413892362292,151.90292819320362,52.00983778726134,39.61835669609402
1.0,177.41785414791127,23.32990382376872,131.07918096152883,170.74384461088994,145.15456165769464,145.36752017837097,151.51307160020028,156.77512771147164
1.0,174.98769575320193,24.702816599825443,132.16667996568617,168.29127541715303,136.37911045578724,134.53717943316298,144.60081663617464,148.27648049936695
1.0,176.8642687035264,26.10631382149993,137.92089827282285,162.77645727268128,126.82502400025732,124.12853993554751,126.43252916708408,128.2973303133282
1.0,177.73985597008598,25.533731610557034,139.22425001166266,165.56015538276978,114.11091418574284,110.21164315465944,107.41974582776423,108.19763039019026
1.0,166.47145118183397,36.82336468493877,126.9792912507611,156.80341827126057,117.08161873433946,124.2396970109848,142.84236164969553,139.78637069742874
1.0,163.96470210415387,37.881659713956424,144.6721994882564,172.83539367933815,120.87544609608668,113.94415115553338,150.3287895223654,147.12954745298094
1.0,155.69993452907826,40.33998743126376,136.57117292127595,165.64582677741487,118.19365362308815,120.248552287927,153.55936834031564,155.8587171421762
1.0,152.12176400501065,40.607139504856335,130.4006082411785,155.45900591000523,122.94534887392163,121.62938828171482,156.66577716397103,161.8118197456857
1.0,137.32461974263623,38.4139415590583,114.20609864002242,153.05761670353806,122.38345565236725,123.92484198532054,156.0406749757622,165.36240131460454
1.0,169.2160399989993,35.103690401250745,117.86908961213018,136.14629140606954,116.2046781447518,118.40415566012314,150.4018383716017,157.74595428978026
1.0,178.2260670771582,32.031059723678226,130.80683336897553,142.25148061464535,113.23642068763093,117.71401993520209,143.1555351515171,151.4817048256412
1.0,177.7395241345762,28.112663541153353,136.08038330437589,148.85410713448945,110.46950888770033,115.17952452262458,140.80191064852795,148.0110317522306
1.0,161.16625765351375,22.063929128114772,124.14535998269108,161.9082798756679,114.52598576651081,124.85697948897823,144.18196428376956,149.39321778709476
1.0,168.9613723245677,24.48213345972463,120.91838406003365,163.13463824367005,110.01991452016173,128.444512755115,146.75298961916428,145.97026360432133
1.0,172.22756419603252,24.46180847335842,117.24883706081405,162.04027476992846,112.71753662566417,131.4393548853459,153.89464564144248,149.1135470032361
1.0,153.1689964591607,16.04825963985438,173.4868914961981,23.933666726373502,157.73179535412984,153.4469606629959,142.43028257608032,137.796881196897
1.0,175.4760068063116,20.65059770342891,135.96346746720872,167.17580609004386,111.47263609511779,131.79005930328347,147.72768301287044,155.5154863563785
1.0,155.66622447830258,24.721816651342504,22.649332904519405,23.127812695820033,150.56533992997862,148.9769428401709,152.21677480161398,151.3324435010897
1.0,176.53828719798818,19.17048723070835,137.3298987604936,174.39527768092904,117.57538802903616,139.11251985324714,145.7689974377362,150.81208118679695
1.0,155.54021807164713,120.3270348046143,175.65974313208687,53.13192882462103,132.16309237374892,132.9360182277073,146.65341800050686,146.16047218997429
1.0,172.50258381897137,22.269662520055842,129.5574670378738,173.89441872523236,117.90633726711454,137.26018457435575,142.45137165357264,145.5561257573298
1.0,165.91007158299425,47.589762009350004,162.86954615944146,10.327645700723263,131.37080433961916,132.90846687811663,147.8741148297493,148.34843459408665
1.0,161.78686620088183,24.4960944656005,128.4444696495338,151.94243047312926,124.25168276566234,138.6853219866243,137.7695179869318,139.25530339071088
1.0,159.7196249532058,42.09142283826661,171.6458420186741,159.41598675177616,132.90594392771732,134.76272584625474,147.21082674751494,147.36227378688216
1.0,162.79419530342108,23.02240979263489,118.98143254586927,134.63415519369673,133.96584137263488,149.14716996168238,141.07510237497124,142.58795619754588
1.0,154.8505666410958,113.85222427652445,150.14648182147997,54.02227545802911,126.00698565150742,129.1637760500954,148.39126521094278,149.3226475610361
1.0,168.2861460163065,22.01767296074757,120.91097377415485,8.484300867952342,155.62334517332562,152.84742291251723,150.49112261684095,149.72238447480663
1.0,161.61450564927014,134.129322469145,17.672168434510784,54.72500874439753,148.57292131731396,150.66220201414484,157.93497109928907,157.95152688415925
1.0,155.58146179132547,24.99329457749075,22.51647171576568,161.05006086527501,157.61521933445255,154.02010142600517,154.24124378046548,160.25434452287757
1.0,151.93882427932533,27.06007464142916,160.99332637361942,168.1676906975388,158.74738108635518,156.33198428023823,159.42811405302515,155.7408198924741
1.0,145.23442328584957,21.25884061922458,154.33983335179667,160.68700433708025,171.78236551260747,160.25135982853698,179.89230269485222,177.72113724600752
1.0,139.36825598486962,20.199448935389956,38.65918745222744,51.80415960433523,162.66327311872013,165.9846798282328,165.1779636615296,167.25861560896666
1.0,142.9889412305224,23.368496314935932,153.67069824756007,125.42782822629572,175.92221868997726,163.14705646078716,179.79118584644146,176.79456805534195
1.0,143.88588280154434,26.02998789025684,150.5535998148933,81.04842575612122,179.4608207649271,164.73040326719092,178.27846686382335,174.76671885217493
1.0,143.63612853002593,28.068032848537374,155.665354827929,104.51057613396021,178.74003490149732,166.02104436979164,175.98018256578365,178.8106712258545
1.0,149.30853779018602,20.627131789599307,79.15513420524155,140.48753381889208,178.81410322931637,168.2397217262278,173.9744549215481,177.5459370591326
1.0,143.54152876236813,23.503980030378496,103.86065004275241,138.66943630451544,179.36719344680026,170.97392260540553,173.65221587416735,179.22990555974215
1.0,145.73850497701613,21.020949262663276,99.93808210168544,143.37688378436056,178.20762324941418,172.08891344856858,176.6681586159731,179.76497067034427
1.0,147.05889408988295,20.58700225543791,130.7839339863648,153.99848775148627,176.77025326280153,166.27366244165356,170.73127222055686,178.5960122227911
1.0,151.48721290825898,20.25627224436058,137.91272502769013,140.82886812499132,177.05010266087686,164.72325011447285,171.03546989698262,179.29593748008097
1.0,149.88583344683926,19.641216121140992,152.20315026395656,149.8204759152297,178.80760218722344,166.3575315476835,172.18862775030857,177.75935440609013
1.0,147.4305401723176,18.531085654336795,106.50776593395662,156.3984284931837,177.91751664164866,169.9048395263289,174.6894210982026,175.79740466878607
1.0,0.0,151.3680377492337,53.38728336499498,54.665223042307936,176.97986299415768,171.12107959124737,174.06300953775914,166.65161724485745
1.0,146.42316197030402,21.811761600165585,139.8262515065247,160.13323446585804,172.45647045581003,171.46590603792896,176.359446963607,177.42557303802772
1.0,125.53192055202433,141.7365814358619,135.16693566936524,53.668150518994324,168.7418344260747,167.56125660167544,166.5120185741912,164.9687885339341
1.0,140.2518583620237,25.039561960835353,150.13306019953524,146.59156858554724,177.0287488772116,170.01675195723942,173.23360294815208,179.6855490840619
1.0,132.7952636423736,148.20887182887782,44.979186694972306,55.13574540955459,170.91649208254574,169.1141341248659,166.3502484593405,160.51780453736313
1.0,141.22610574327834,26.463296502699908,163.67512338023022,135.73908888067447,178.40945616482807,169.31768560290428,172.5561489404301,176.49825352358033
1.0,117.08226752808696,144.1211353519981,128.65150983736277,53.827899732708026,178.1735580818676,169.81910221882148,172.70616535687614,177.4439575121795
1.0,143.17806039408856,34.339850160276264,148.44298993690714,124.72105452068527,173.5171230947227,165.82901061331336,158.96064504354374,169.44342691388445
1.0,142.151824126036,31.34373455618327,150.980914254441,152.3460392011383,170.4969926027735,160.66580028383902,162.3576966493117,165.94459500545213
1.0,127.62422432702382,31.035790241737025,48.949451190128826,159.49746975241285,156.696682328021,147.51938226131222,155.7665451686773,156.9160706861895
1.0,0.0,157.83537665833867,54.18383233986698,56.19545989454662,155.88729771150918,171.76370388164526,145.22657107880576,172.0182165352841
1.0,131.56915471534606,24.36647952716692,45.21140567542634,165.74667755674744,149.31664561912353,140.9595952709465,153.0790612625106,159.16028743658123
1.0,139.36528420692943,24.006426945165803,37.83274945822047,168.2122625870192,143.40987963223628,133.71372455413538,150.2011323216507,155.68841023769278
1.0,153.27429722257935,38.959091575564216,165.22005165763747,24.47847452188782,140.17759054091252,128.2542212056945,166.04399931036465,155.41949873184183
1.0,148.47493516582915,34.510154936820555,133.9649523698717,177.94946517504582,139.2416779028891,130.6021755704315,146.98196075860878,151.44192769781597
1.0,165.02970294558642,119.64955332561266,155.2610857589022,54.89427859773408,146.95616710967778,140.9819627995724,179.3739755419988,173.13531146831141
1.0,151.98860750548965,28.64588988445813,138.6198169034999,159.700901240097,141.18471680556615,132.665312332955,157.76581403779812,158.74946952316066
1.0,168.5177317996985,55.47331822423397,121.99822003382668,179.45986543419428,123.63714388250644,121.88122391440716,157.3860275271652,152.76356659861503
1.0,150.73787810022534,34.31004777576494,26.940270298979264,162.96360829586786,142.7537732715004,131.7564745873193,155.85773205732625,154.32227117223863
1.0,161.83510010850674,41.62060619048986,147.14320186975206,15.674947054041453,121.98362715673156,122.35104676661412,146.45339636116898,141.59082049525415
1.0,149.69936764925163,32.89731114492202,27.873734940235032,158.0501756431705,142.36833280540256,128.90215432681822,160.87464657775516,158.75421381710316
1.0,119.0788638465074,13.40863980385552,159.41097961897643,165.0496632901388,162.9552284205798,154.97427592520927,159.83690051724375,150.05617264208382
1.0,156.38351610851566,23.96370621568345,138.47809394257305,169.127529691319,141.26926595248153,118.21092627432475,166.53707841921363,168.1959451408003
1.0,116.8283263611066,33.90048219489248,161.97997554031718,158.24270474323893,177.8451038180019,165.26558576503348,179.93853054132066,163.64944283813225
1.0,169.5140000290878,19.27721180557695,130.13589329292006,135.03278272897984,145.65671761931776,118.79535942354664,165.88224342505157,174.5659164449557
1.0,131.02610626742003,22.856250381868687,170.6301428710594,169.68838909513076,156.76349403097305,155.08769670831978,160.06388430276434,154.34558204077098
1.0,167.31512549511282,17.184544621865975,125.71022645962569,129.11932823039834,142.87636564560773,115.22650143618984,163.4377571595813,171.91964459318226
1.0,153.0926494018725,1.9579348719781529,168.98781694197882,17.395667311666337,172.4107869384875,174.1076431629591,172.99184279992525,179.00194410106985
1.0,169.8232656015294,16.947605028864295,122.60619542481268,149.65314329885376,139.79238351912963,112.70153189672419,156.03661950681828,163.9328962538864
1.0,0.0,13.739605678471738,53.71356447766259,29.818229391587867,147.42545444060258,169.00123843396207,144.58786978813887,170.95874356722047
1.0,164.10295357664634,22.936414369106878,131.68436735753582,172.62601435972786,137.29366067127975,107.14127225023,153.36493924381045,157.77497665382734
1.0,163.84366732123127,24.814640379000053,130.78934993274927,160.4258178516148,148.43604801800473,114.07195131866587,158.05522190916446,163.32528219576798
1.0,149.4136881779336,45.07498119636218,28.893689612343444,82.83508423842379,155.1456744091341,114.43858120344333,158.03966592171943,159.90270763068543
1.0,139.5313371025588,43.91531370074066,38.32279609351094,116.29405927420174,153.0104279097556,111.76096575060154,155.26646974444097,153.31519022358782
1.0,152.17997984761104,46.71252647664426,25.90627896195942,164.01486172985315,157.45893403760886,104.08381617688795,163.54596282081474,151.20295438116
1.0,159.81340521876575,46.35889668900184,137.68918220501502,162.18919608399733,159.59225575601346,110.96738496148768,166.9571047692037,160.59380835412895
1.0,148.0737114281506,63.184279538678574,84.59477440163607,51.67070033018076,157.69119634356156,107.67206951961865,169.43690168360163,158.33471019726082
1.0,142.5573511990455,47.382717374828815,35.12179468369515,151.10220296175763,161.99291932103966,164.79524326771516,162.6259985142933,165.40945474807356
1.0,90.35567388292196,56.17992079715369,12.315001365625246,7.720497638139898,154.4985606912971,107.48226911801075,167.21790228639844,151.17557507409586
1.0,114.2761057729366,40.80216598354103,150.14186727288165,112.83040898851856,178.41338265779797,176.9477947238829,176.89137777154522,179.77848303460655
1.0,166.83453346186548,42.53365869262723,106.68652772489011,4.52417270793601,162.97020760356554,136.30785875052393,173.62609237648863,172.21286779470654
1.0,115.31351378347742,30.375804274264084,159.52499758090474,144.93276263589124,152.30253460147122,154.80287580357023,158.05074168338555,157.88014388879887
1.0,149.71836437071252,2.0538825759033985,64.22283467858608,4.034505297397504,168.77541549912732,141.39709454656654,174.87759669984078,169.95258334711593
1.0,125.61763196375293,136.80640784644174,51.067308792599114,52.143106719935844,121.61618104607149,122.58783935619859,121.33158865694293,118.4130359149622
1.0,141.48161697719993,155.2109641069008,82.01204201740146,51.62696626746663,170.87678434345958,166.1890783420184,174.8873989793238,176.86668180936786
1.0,134.22406384322716,120.36830550950748,133.6046655726848,49.600175565685085,111.82229051032628,108.8293482843699,119.98115569406562,116.66855451379317
1.0,124.27869201251991,54.839254763820854,69.67792708109619,69.36453686528314,167.10578709771173,164.09494852163098,174.58774662826227,176.90813571043304
1.0,120.52349976802965,112.04346312328218,135.3995429385568,46.62473038305373,130.0147337460177,125.71129841165292,133.9579853177494,128.6774123521602
1.0,162.10774083217254,37.60974188084284,46.61199608526573,67.58910933221745,163.32830316832732,171.11693562655523,173.5183650021127,177.89451500649267
1.0,137.05208852889672,117.4640832410281,145.57309525003186,47.24703902610639,113.36954403682464,115.96710588160609,115.97564637319363,116.25468710229936
1.0,168.98465825219705,0.24245688098685556,25.68694428724721,53.12836718838117,164.19430830989688,169.46336461678655,175.5468556225691,174.6293192254361
1.0,133.9659634931886,121.81399979713086,91.77789678984871,47.437561804606716,120.04773069475189,125.03596156837936,117.37359290567636,121.57208471328414
1.0,157.36376993390675,19.331690559647548,80.87043615958218,26.70169441924974,159.49711036019448,171.9733555096357,172.64230838582577,173.5793910818549
1.0,139.77988861298567,124.08915635321097,96.40007379758589,47.32187126048417,135.83890379442843,141.03908376413654,129.8942951483229,135.80531939176342
1.0,145.63350383844372,37.31261045031488,10.57834916833755,24.051073184203197,153.01025344999312,175.52741402777067,170.52540749865557,169.97168728040458
1.0,147.0757914416898,10.136767329924773,75.73268272032415,75.0149718603746,150.89054449737742,163.6303812795369,147.45539809055677,154.32122633676835
1.0,135.04142335476166,62.770937191267016,56.53711946322179,46.41009853018069,152.768806919156,171.61776318736682,168.79951535213112,171.08546186448325
1.0,140.45899783208813,4.776722555151403,63.17524201511489,50.87137899004994,169.50643511935152,162.93750938842575,156.56485763215636,164.0263210764277
1.0,129.03860428062274,75.97239976381108,129.02427770932488,74.69457725526648,153.59850939607807,177.63833190805744,175.0072143609281,171.23559134207636
1.0,142.47891143062552,5.272361647694949,72.25210458667519,61.22077902645152,178.62978570307914,170.67187843972079,167.45680993990385,173.09634798226992
1.0,126.20256207642413,51.4029659096773,64.67045673000008,78.37885265530467,148.7991065143798,173.82302949202267,168.4818727756568,166.35824685506736
1.0,144.50516993491829,3.162514362196655,62.17942745949437,49.85759149488836,177.82416873969075,170.95438891581264,168.28164809740008,172.85963194761894
1.0,137.32207398825406,42.78062684484737,7.2567862289909115,105.24189310000587,152.13567575511118,178.16307769525432,172.18961164119546,161.07261674601796
1.0,143.8327569470156,4.539220982699509,72.8674820739791,91.39708945970266,174.36881688609515,166.25185888635406,169.40022075266984,170.21993688474862
1.0,138.14715118337952,37.851008600938265,2.257894885894137,83.54347656479943,153.30417684871384,176.70206033506193,173.2274382794026,161.8387805844067
1.0,138.02077458859623,11.723237194462966,102.94783357194635,154.03586252545952,177.43100930509314,162.91563088321553,168.70670873926414,167.8134677798529
1.0,138.34011873873837,35.158451362199365,3.108402044048674,96.21538839977667,150.15068980694943,169.179428704057,170.72572054964928,156.92172260218317
1.0,135.26898908373732,12.519825285373225,113.49468911620201,155.33866793383774,176.45909508593928,163.07948614792738,171.7438694825922,171.9097643055601
1.0,137.8540429419873,30.788942566488014,3.180068968011888,103.8714640651501,150.4117470959564,168.57631300828936,170.02596056480454,156.41264283357393
1.0,134.49817323546054,10.613246231184622,116.18884291326356,157.243543314722,179.48634321899837,162.74533624471349,169.87758792869997,170.96936391642876
1.0,134.4406949906949,28.36650037106336,15.787594000926674,155.02480757682665,146.15221746046788,162.30822544775327,162.87568451165004,158.64231033131068
1.0,135.9039287962215,15.891223184831693,24.200696595544148,173.7083346010163,149.3305316943631,154.39691372942133,164.3049646304566,159.01818608106063
1.0,133.89687331139132,12.468192084303961,111.3884791287067,177.47938605948096,178.68238049188355,165.26083601114223,169.55269762830505,171.05787926393384
1.0,135.07147082668044,18.394563676168016,45.59857550815467,173.6694600429581,149.51561843908124,149.14006251849617,165.30069835483854,165.76846231142642
1.0,133.77901427586897,13.89070265830167,122.83953345317478,159.3612287381067,171.4123453261947,164.4711568590185,166.89182526401453,170.95066625956397
1.0,137.02385914361727,7.684162316600072,107.74219088554801,169.67765590992764,178.14153093904218,159.2785979459948,174.045917474506,167.0439089804194
1.0,127.25521186624951,19.485757204756833,49.3296615083095,164.05583027175877,149.9710246858494,147.8079262108464,163.09271406600388,167.7535270302053
1.0,145.7706499961545,16.498530064836935,2.0158451164118096,170.54872907461493,147.00290502170256,146.45857678557095,160.19773267901044,160.87213543135354
1.0,132.22442168153432,11.63359376750653,93.90696529172477,172.85735547447365,179.04460731595108,160.07861652062692,169.57660692642838,163.51755823660503
1.0,135.0939060960346,14.616002376505156,96.99735675406205,134.1359588414744,170.97008673242803,155.46009201898875,154.29012222551478,157.01326433979915
1.0,152.1677041956086,25.129220209330683,4.479967977185158,179.0535480919195,147.40681264244154,143.4335225552873,158.15054861997362,152.209042665057
1.0,144.26242893808893,14.048723776132967,40.52808588595329,165.7673694788281,152.78881086899298,151.8650158047056,163.3774064327433,159.84533295654128
1.0,134.85883488131552,15.738569145089631,100.33566408228066,141.99865183453082,170.1479942802529,152.07928855223258,153.9988132319136,152.7295913088614
1.0,137.92503296879093,11.68759782354951,113.09981563713266,146.3882376171593,179.58086850362076,156.53930565556215,162.8678107734854,159.2761824871586
1.0,153.06008033006216,19.3381915955974,23.817549372011374,176.2185510794377,155.93653070736875,174.98225683567773,171.8228893805755,172.32421075590455
1.0,0.0,0.0,0.0,0.0,0.0,0.0,0.0,0.0
1.0,132.71973668364396,35.44976679592432,133.1810628112269,179.31795136432044,135.9474869395217,142.2138527264439,150.83457933930862,159.12692040763037
1.0,0.0,0.0,0.0,0.0,0.0,0.0,0.0,0.0
1.0,134.75114784929946,34.72992791518755,141.30832677926406,174.27381991116533,135.35778874501088,141.3353988697938,155.99035882964614,163.74507597718525
1.0,0.0,0.0,0.0,0.0,0.0,0.0,0.0,0.0
1.0,139.64076473104748,14.57517668543324,137.56876387175748,152.38754681384958,136.3654561950736,135.26849070104052,157.22649425656053,152.48315907638252
1.0,90.97664033698112,38.583302757704956,178.93607328424798,0.0,169.9007992557013,0.0,162.8642615208275,38.583302757704956
1.0,141.52101982890048,5.024054764722408,147.91665153005607,149.6069745044853,130.38295369219696,122.28393189994813,144.43256318147377,134.19330334864395
1.0,87.46811287777291,38.29378226454653,168.3450449911624,0.0,174.53977873950842,0.0,176.0376386216831,38.29378226454653
1.0,146.3131332792756,0.7118792011532205,148.8721196708407,146.38154979853377,126.57687846817863,111.56105741907902,131.2131459980783,119.05859569790806
1.0,64.48574774454431,38.31589243462046,137.62861743727356,0.0,175.6646701934763,129.37415148207663,166.63168291652212,48.62694386578515
1.0,143.85783052144916,15.329873355284658,155.62889385525352,146.28942256854697,126.26892279479532,107.91871091405383,114.54124243221884,109.9035119251262
1.0,82.73403700763072,37.61106982048916,153.1622941474547,0.0,175.82347892742527,132.5626397459734,175.10751596454773,168.7503341549985
1.0,142.43108975746102,30.45486460146949,167.24625362088992,117.03682652855676,137.67849712633733,115.31685079711166,108.05974515093789,114.26472659431309
1.0,98.07850739568495,20.068316336191923,130.81302077463386,156.82090172906084,171.23811085858142,162.68784289206943,176.1455341268325,167.6651145889186
1.0,126.10554687775588,24.124880061945625,157.67170373705386,91.87907297631993,155.42614878158693,127.39415295619627,115.27223299472908,121.68647370211923
1.0,119.19940040205196,35.65663427366468,154.86582681521597,117.13562635817979,158.734077587208,127.75956663436907,127.19547574078271,144.88767622764624
1.0,83.93149275599573,19.871610532112374,145.43577864765533,162.6018943785822,160.14429906773242,154.39254221823654,175.62128606812539,153.5607443419463
1.0,69.01051064737763,29.662904118266717,156.86630731600798,163.3329872700208,158.2735382219056,142.17504181619194,170.35123404982392,157.06968403632058
1.0,112.95758378923902,54.97029851355662,139.46069408984152,143.5035913455521,165.07415171287036,124.57917116044177,126.92181053322565,164.77551198190937
1.0,88.98443689019975,52.67700568025109,137.50311112770274,173.25485305808863,167.22822353856435,110.85566244347793,159.1974505139411,121.97447235246702
1.0,103.50097684000765,62.64332962978082,129.94303599569977,155.96821523911655,162.06844763086679,123.4070955964942,138.31062262583953,169.62808030703033
1.0,109.80279424266307,66.25746081266182,136.19611265852015,171.29312029663524,164.87994734161865,125.2478838896566,159.13152915394005,170.19896384120202
1.0,76.55403069626553,26.38789247072686,151.43331426255006,170.23659594094846,140.50860822487155,148.60370551212588,179.61518745272872,165.22685959419644
1.0,29.990583966706293,4.903184368791939,164.22688919126313,47.31913213218387,133.32159790831997,164.5554524435875,167.26454656149633,171.2157650903768
1.0,127.7395272095883,67.52099594184097,154.4012595804268,174.3193820614106,159.88839237140888,122.48949169567295,167.90862467279382,175.36515688145406
1.0,135.15033657743675,72.03444577960532,138.98362632856188,175.05109980492594,154.6078705596444,119.0243436297926,160.09980522062884,155.73457251855132
1.0,11.97313649922938,1.1224252994979265,160.33868503899384,85.40390607490997,129.21529638703063,172.19444791230512,163.04481822491232,173.06771255559056
1.0,143.86455591833646,69.47447841662088,136.4757173551353,172.18500163359195,149.41583364590517,121.78846105074604,143.64373665737145,130.99757772286986
1.0,25.143428187801177,1.204369861335326,173.3888698335189,63.40032856658238,131.13758990415104,177.64922580096328,165.25141522153626,177.76339214715523
1.0,98.05567413597026,11.389998541211513,169.90250603445963,76.08165002054488,122.32108628033927,154.7307355726333,166.39868710768815,176.39867464531085
1.0,141.12319462336984,67.82196077825813,136.4457459222108,167.75311623857718,158.18178931391276,142.73714282322737,145.791057324375,132.23340702867063
1.0,97.9069127433147,4.62222268798362,177.91349596301748,86.61440156231731,127.82886663581414,151.47421368949134,163.24330649238797,171.9883144652639
1.0,132.66222621921696,74.53868659101872,136.09763958140462,158.38993338800472,156.95286113450194,157.13301644932324,161.61013431979475,148.70612783553298
1.0,119.31072783185219,90.58899649274359,133.69606592640426,151.43497383286768,135.37804177626174,141.5781756251871,139.4374513725705,107.24018235968475
1.0,97.39371624510409,20.304574087693062,179.17281018702656,78.22333014870011,126.08154354172595,145.33970005252473,164.84608070647084,176.55447076093006
1.0,105.13758759314067,18.957400029481825,158.93850040287202,63.43192002742271,131.84186448825338,149.78192320527597,169.26971010824064,178.21158175640576
1.0,110.77056717430959,99.19936754721317,132.79414757207772,152.5473345944987,124.00970574579621,144.82284637099778,150.8128503565601,116.75588183336961
1.0,99.70014313766211,12.075166108918534,154.90658611514863,48.90076928455196,130.1114591584959,158.78431520970307,171.68710596155753,178.86779366179914
1.0,100.81470187551514,100.52305864620858,137.58853010723502,155.60097737367607,118.39616575266069,144.8173881624673,154.75763653299146,128.06976919111594
1.0,103.18017606754552,16.135355523386284,160.33272521597866,44.94225754932218,120.71753883572796,163.82264942203844,155.57506318089435,165.46996939691326
1.0,93.03924160926066,96.40331760834212,141.3176944929743,150.53313761227128,115.14377765338389,149.49731713405103,158.29248502670796,147.63567897736115
1.0,66.8840971871206,13.891258798536597,153.31173070602966,54.37240689777177,108.94582981357837,160.42010852865778,161.63189565503183,166.77802762238082
1.0,104.82594887602791,86.97580684012962,144.56841614089763,178.99725365045688,124.5683935440925,153.872429122322,164.27005279210638,159.59789502826752
1.0,85.93381210887708,48.30672852706629,167.6836121059971,106.29621859099689,114.2140534049411,138.14942336579767,163.65277781558052,160.1336024797049
1.0,123.55641486494707,60.8871135425521,127.5237781274098,173.3710998732044,143.27530607235687,157.9996763186749,161.1340803744234,147.47642396239524
1.0,114.0747769897778,55.90331816732073,175.8838466360086,131.28387425790783,117.45453440185605,134.70087794441162,158.14480191816733,156.615809534697
1.0,116.79461260180065,48.13825741863654,138.20232340062563,166.14689586431842,143.32387844543277,149.41216155073408,159.63920934468638,147.0169734728426
1.0,112.11544015874594,76.08163594241391,172.9052077490569,149.54086244689404,89.09379899034752,100.9182898914035,156.1348318763172,157.17370052071735
1.0,109.59467475534704,54.748635567103804,134.44998179752056,179.23470506247043,136.87759177979152,147.61781171925432,153.36820472189268,141.37802569765995
1.0,124.3984741919505,92.01934995949001,175.37289607263338,151.0034296549158,71.21499609309873,74.52223719457932,159.81996895542503,161.08289981464998
1.0,94.43122776445153,49.225831678013144,133.1789220893045,174.93157016997526,141.1512212457428,142.52041546931162,160.49092717318305,148.64444575432978
1.0,132.10736106569422,94.22584647341355,175.87925168114796,145.88102976237226,69.44401114427382,70.08063874736544,157.31239140364667,161.2013627553899
1.0,89.23228051911141,55.91924883197989,121.0688399012168,172.4717244270277,140.79674861883586,141.97570249991716,155.85287180228286,144.54034651414756
1.0,20.296873567698388,107.78504091360938,179.78326726104794,160.6054383920368,46.59057737566254,51.40443475835717,154.90946121652485,168.9874512148088
1.0,95.05143805914403,55.97480725376356,97.47982488832346,178.94661797296067,141.90666841074128,138.75348798092503,150.99587673414368,138.46451080652932
1.0,135.98649578597514,35.35293844688086,179.14957408746926,145.34041704528963,150.4153330253453,169.64487494900422,176.1252897911347,173.21564104938594
1.0,100.83176027776226,51.84820161023829,125.24546552419106,179.38392404566076,141.69037603927484,139.26822339308742,155.2521731591134,141.0244744152054
1.0,131.3052966416156,107.5198483544192,179.527128343102,137.84141171454894,165.1465820338955,97.6915866093042,176.31572207577025,173.03967350351414
1.0,103.5598787442634,49.783554851880666,130.55175773368208,175.28010636818084,141.6614119403981,134.7070889684314,163.62032893096833,147.26938121070978
1.0,127.33745993714243,55.04015936197101,177.58326156480507,162.67197943130245,174.7701202680544,137.43005697516801,175.450047275965,177.42845378426665
1.0,90.40395071835542,68.5508733114012,132.82895832904845,154.228504100678,138.39152695012132,127.32349668362073,169.85172834191425,154.58985042916382
1.0,115.04446016371645,29.424959768399027,164.10066280069645,150.37035098155152,145.4561329304647,138.41092197240044,162.67582586333148,163.02009099467617
1.0,82.77898030095577,50.98438975547418,131.59167511935485,156.4077688998836,128.775813089796,121.1274603625169,172.2699719261247,162.39957962748335
1.0,0.0,42.16440708878614,42.5377004195918,171.449241799629,176.16097905382847,164.86171743959255,162.45233588990024,161.14508610028352
1.0,76.98102935144806,63.74208790748263,133.10440758235706,164.5476614315769,112.5729010377826,113.94652439745357,166.7823350843883,162.17479143876642
1.0,128.32062689499796,7.432788102472474,48.87764932219985,179.42728976876757,176.27505862396012,173.4056760435829,169.25096542653117,173.82239518853663
1.0,78.2245520259815,68.90741239107204,172.81271562065564,170.09296056181637,113.78903543274261,114.977040951355,170.4618963149929,167.74951942101518
1.0,128.13993646194947,57.03431850023902,173.75037762393106,152.4245518425074,124.91995224558647,122.53247070017271,162.93833942951426,160.4520429679827
1.0,133.01269242778594,15.243698086490818,44.76543968215355,141.446454724471,170.1212556224889,170.5235578240192,166.51059583999472,163.14578597848774
1.0,89.13641243879783,68.87171965684837,179.3011836749149,120.9858281408815,125.36065462891315,92.93837159278931,161.20000958037562,139.93606788297922
1.0,92.51613418809265,63.95700516893024,159.05448201446256,160.24246522821068,125.20886179065845,101.67596925198133,157.31223028044255,143.0022067489496
1.0,97.9722364246285,58.42238500872339,174.31126815627158,168.55203572851931,127.36228474345113,106.66504649399232,158.5508163675043,145.01511077631437
1.0,96.05517496506157,64.71827840893843,175.39552889259372,161.62971369038038,130.1569234562818,107.49527349047491,172.1733983826498,158.7097991833873
1.0,91.55231915566468,60.87576684000157,150.15720281897757,168.47162154620796,135.32151405540517,116.52099376395984,176.52449363029783,162.75058569061068
1.0,102.57282493052737,67.02998131684545,138.92853905086605,164.38395900648274,134.17065190921244,107.92019413690015,171.41492708415572,152.86687064056622
1.0,104.50850636823913,66.27474246827451,145.49937363820243,169.12916737201385,134.456612715384,115.07888149286617,168.4444029777969,162.46213452783417
1.0,110.58430760409476,55.566390430292365,137.12727742436724,175.16545093471683,141.1351322831819,117.09140489379337,164.76813725107738,159.0671940548817
1.0,104.31854871707702,45.787624327063504,128.67792538415978,171.75347075200443,142.6945059533657,112.959830492247,166.4101435377836,151.52194969139694
1.0,98.6291589491584,64.38339933131651,146.9695044347791,174.2290145188855,135.2712412792166,105.67251761133662,158.8919971802979,145.4576273834169
1.0,123.38570345997641,68.40421923621804,161.10920016125615,160.0550163813905,148.45548327512108,105.48684484550553,168.13786048805204,146.42453965065133
1.0,94.96610391353413,73.17065126259155,160.58464764469608,164.003615489241,127.13689866187642,102.51361852589848,149.92816652206272,128.2125257939673
1.0,98.51649269782891,61.66176871111584,112.97129710680206,179.48870463514302,127.79753050549814,107.17089750283634,151.44857210218441,135.5635431551
1.0,93.74193985300076,70.66372481898324,143.0924848467114,176.63604122053965,118.8651779239044,102.37742973074806,141.89868860277696,123.40903774889426
1.0,92.23235950839725,77.52774007888141,177.43450124287344,172.05684368676768,110.52183685745456,95.92913561966552,138.06239011468935,117.87827696127354
1.0,134.27489990155865,77.602027117332,159.63074396117264,165.7587447367375,154.002137139933,97.96606140621104,175.90589260593126,156.3371431552145
1.0,67.57631829578982,85.79565015099554,169.24039310488735,171.2041864769856,99.99297038026906,92.25012714597084,139.73185792298025,134.39326037568995
1.0,129.18254963805546,57.10662176077451,152.67326728289098,162.23369859121135,161.57836395405286,125.84737808528178,176.8831354139206,164.80861514158784
1.0,67.78988848695076,85.1851951186766,144.6636763472614,165.1639506452471,97.95874950208261,86.47965677805288,146.29245042308966,133.66593766924623
1.0,0.0,35.54493427975381,3.196995781265102,160.7137888003545,131.20306500360869,155.52792226549894,159.830030420811,175.02406176706452
1.0,81.1819194424204,76.68585919903883,153.52427464671538,179.85396908467422,100.7221980191748,92.07549889730812,149.7961409870882,139.74419723584722
1.0,54.00858170134124,110.12442027207231,164.9926839171708,170.08230853644983,70.6611719615653,71.42375558943849,145.56368248152145,140.39085309325364
1.0,94.90236552058498,78.22692641418195,167.51360080888134,175.85181934111728,101.73428524876303,94.44489054436528,153.58840032803636,146.16608524989368
1.0,147.22342814921083,7.167000993151742,171.33143432129995,162.85274071708787,122.3115232310464,136.07662227270728,138.84799690702198,147.80632194725817
1.0,110.55637960322557,52.763335292539956,151.75956487366517,174.8540571478565,118.04710939556502,99.51051780752674,167.98393054683635,159.5767305809757
1.0,147.5899118612894,6.341596337018445,179.40491795353088,155.9182295392432,125.90509284583004,162.57800250903745,147.41153216753918,178.0045070598112
1.0,108.30976375460732,56.3633406569324,139.19606274895244,172.56448294091535,109.40452383084005,96.00317889937632,167.9725713382846,162.30293055832422
1.0,150.39640949355166,25.405560618063486,144.2579518430605,178.09860591111592,174.1413801811253,123.65420475699563,173.67793003583435,149.6067650840284
1.0,107.65505421827703,62.68892814139226,135.6355706709154,164.8445516265979,109.49042746035184,99.04232353053091,169.35212865155842,169.29728348729512
1.0,117.27299905614181,86.25046307944946,162.87544841142756,179.55093614614339,113.18735342338341,91.96290057099894,153.81333191814116,137.85526786098188
1.0,120.98124078431056,84.33697961700449,152.73317170144034,179.5473267210244,110.47190850987177,96.39129907264955,160.14011284798713,152.86726125694938
1.0,127.70932266051537,92.88925358177927,158.13711172182497,178.05300976178165,110.47218250540104,86.3568159113265,148.93756277477547,129.24128040239998
1.0,127.51760553608445,94.72485790478714,160.17293115495266,179.78691613302396,106.40693099495124,80.67904994687731,142.45645170976832,114.16479462561875
1.0,130.3931534591252,89.72726146215409,157.5843125916505,171.56763395506115,111.20521290767965,83.8068209901908,134.77542099446208,104.08488247170513
1.0,127.68673750066195,86.31665632701183,154.69548733208984,171.63115622836995,113.27665712535324,92.79781418523052,138.70366124727386,120.70054317410012
1.0,133.5799963158694,85.94772209527619,158.42727626909073,179.68505299098405,107.30495757053065,88.26603005511673,130.003678886345,110.75847069121934
1.0,129.62558719725223,85.60970071593782,162.91272729107482,171.3296790133703,98.01455565029111,74.70662246546505,124.04061391589957,95.92990376431828
1.0,128.00573460668974,86.85093799957018,160.7335676655118,169.98225016790627,93.15497380734742,71.99896460627076,123.10110473057765,99.83109621048197
1.0,126.16471426535676,86.86581865978388,160.59268413519263,174.31901082290145,87.91763257214019,75.00502037342578,120.98365803768226,104.14478368286942
1.0,121.6253429033418,86.68783198436148,167.31502889078772,172.96853478793096,92.72988878220237,80.88987131696723,131.5318226281752,112.03879606149991
1.0,123.85146081918606,92.22102061920077,159.97838317572916,169.96928694531766,82.73470806408821,82.55763743794041,129.51078616013916,118.42353099242916
1.0,117.05212246965499,92.39660795758631,163.1523027493206,169.36494128070302,88.30078052177252,87.4091959716966,137.51649903886533,121.41265301321403
1.0,121.56611850931509,90.59656452004855,161.4506359938381,170.78217857677217,94.89416295238755,91.77918282400744,143.8362809482286,130.75324671816787
1.0,120.69596814272964,86.17401410469822,164.3101526061806,177.12793698588945,94.42549568988456,90.77648127336414,137.84829678715198,123.9853521054188
1.0,121.3064217197725,84.5451102315726,158.28357128911722,176.3830693754637,98.49513027002824,95.69028518598749,137.06693128732263,132.5929468687613
1.0,125.32251387903733,86.59840988276531,177.41823065599883,170.68936885921303,91.75499667098133,98.26381931514733,133.39491749882697,132.4363818216094
1.0,117.07902847352935,77.66204932998474,169.33104531655474,169.7174210479604,89.73420528765641,91.85630483437896,125.35079913297938,130.48382894602565
1.0,119.91114685416083,65.95507314541668,150.60378848805556,161.28212562263164,85.57166274437407,93.32003165856993,128.28064470612432,126.04797295736219
1.0,118.57422481547891,59.78201218196918,147.15216855863963,155.01226154430964,86.71264272700618,97.86565689900675,140.93721139822068,147.4360622440481
1.0,131.29246956433258,130.76321111442277,168.16094221367985,40.47795215794369,155.64031925697867,169.21631638352946,147.73044782095698,144.46882859570042
1.0,123.24720906015186,17.71140740611865,142.3799569210771,126.13848331250821,89.00152765804981,107.09563188418053,144.43240553869262,142.80675963172766
1.0,101.36222695900527,64.01197190979853,153.59248376226964,161.42613924218352,99.4954580248883,106.62563270390424,148.40884414699374,156.49569559900883
1.0,115.61075770110543,58.44209723570483,141.8616025858149,152.8926771801522,99.92653876516975,112.79560589190037,148.2235302565721,151.1833288818037
1.0,119.5647208159267,67.86502975232959,155.0849184708296,165.50777616222538,82.99564797874672,97.94191443528243,129.0471112753692,130.74711239527184
1.0,112.46948421948677,63.576965107784595,143.95507142789685,161.4744949648497,89.35885581589686,108.87140768825152,141.82104353565282,146.44521661276895
1.0,95.2051867909869,58.246964289225424,121.5650133409691,146.8638232775036,100.59708460722094,94.80045695747427,137.0672510941623,138.38505920984682
1.0,101.15321689906429,72.81491665689504,112.21571342488087,153.19331037392297,99.62911921991035,90.08146057419991,130.85187245245766,132.44268091311957
1.0,105.4749951256468,55.172829052732446,104.41246661212062,154.45752543932437,103.44297160721962,127.00832153196369,157.5638627167215,144.5723353679013
1.0,148.8011883603963,28.90487097467255,175.93450760869715,25.081248552115007,118.22574959019425,118.85442471762295,114.70455573932335,109.86447942956181
1.0,113.00191540577808,42.53044916293728,121.99956823039497,165.65761557585353,114.49213051157574,140.22292836113076,165.28887302010725,150.62835944537747
1.0,131.69818792459455,50.01621314892472,144.49841693207324,159.8292859913213,95.1027297633197,126.99167505764966,129.55848371538423,129.8182999439534
1.0,137.46801637519553,52.820489496578936,166.20839202931143,173.7699932846813,103.2885084551922,132.24762356263201,136.52967728034136,131.54660371313454
1.0,128.75744271287058,47.435894204403525,149.8226191928981,43.16255400432215,116.28402767594982,141.01480816717483,153.08851977241807,126.6068763372748
1.0,143.35567266909118,71.11603084262855,153.91180469281545,177.04571531694387,110.0436710207152,129.3195540312273,139.666732399293,103.36963691175492
1.0,147.12969120490362,66.98354084138826,146.19961095971655,174.50936842359027,104.7816917875264,121.59687149003095,130.3170706478417,106.91915439202197
1.0,121.83381935361982,28.592789440273894,165.0680106391903,171.67348469127356,156.40926284669484,149.53354624795526,149.10478828614745,146.1877041534216
1.0,143.01984985629713,49.390637158076096,177.99001079990717,176.4619261951719,113.34160354666949,116.35037300469239,148.64620240114863,146.5727015982259
1.0,110.02725858228192,45.382127413517075,158.14953702382368,178.2904315502182,122.25060329101429,89.47687989456327,143.1813835020737,125.28250713509348
1.0,136.61511038381656,31.787310880207983,178.20783892189303,157.0463572249998,126.09667418366487,128.4734401695905,163.8454961092378,167.00362595931844
1.0,130.3602136671074,33.13803992583324,171.1668650745274,177.98969056171808,90.99858193216893,88.64005901847563,100.60272245264116,97.94923324621357
1.0,138.63139862792653,32.05497304340363,174.84926321655,159.89220996467728,116.48618952270024,115.14751907971548,151.1420897563591,153.47986873793036
1.0,135.4304232889919,27.778480254293626,169.6452062612872,163.61277010903274,117.63369998679545,98.52648204416037,143.35302399822908,138.33987073510698
1.0,109.85864817343287,30.842776122315303,115.80869719384036,148.34494160107374,104.10510410627202,101.48158339811451,121.94585977531841,120.34082029188116
1.0,122.19293897814028,27.00645348514375,97.19552242467925,148.71875076524762,117.08645146720097,116.87247563054025,129.16123296545865,126.79946184324643
1.0,141.11351094343394,120.61646265342875,154.76742215559852,35.909787801448616,142.99579319300543,148.9087262779239,145.79273036249265,147.41340719762678
1.0,136.6597436326209,126.92909835600929,171.555093578515,35.96454495782496,167.73156519432632,173.91051597108117,163.18689566863836,163.11490507787306
1.0,126.68919840737689,29.47640146555119,169.8174728829206,55.435163699299814,113.08826986818829,105.4646609086125,120.947254579531,113.87056034749534
1.0,125.05645747534656,38.304143573412084,156.1584947030547,156.65655019582516,77.05856510358328,98.54225942420132,98.68518315827072,106.70503256936905
1.0,130.37555514260666,125.33785721132477,142.6895754792961,35.46371138924518,164.92663778377536,164.56272233923409,155.68057605426506,157.04904276276778
1.0,124.37040570499383,39.98017816038261,155.77327701554248,163.17123566568753,107.65760663157224,103.32506212630848,127.48388200476873,127.21830526601113
1.0,133.60012309614277,40.25295096284095,165.29076483452872,162.32332947508914,102.70563771300763,84.09676022615668,137.41799108244098,130.74069354550173
1.0,124.25421360414327,56.97173396371408,164.38282341703567,169.84561746122262,108.9621219478368,85.65747734648112,152.09250122627398,137.62566068426813
1.0,126.62346328126853,67.50099862417893,165.66747609787126,171.24139457242825,100.18529323280704,94.80780124619189,145.53740085799296,146.75043998773603
1.0,134.16616593079496,55.69577345953317,175.80869911743338,169.91113772177005,108.46583217939703,110.32942790731326,156.79627299454117,159.86396545652602
1.0,137.6623902507821,41.78329197548253,175.41140504056287,178.8791741129067,112.15290427983199,115.62353953173647,160.4047471407925,164.5697848349759
1.0,145.10231790000591,39.14063816349485,170.9103089329193,159.9588592945807,108.07803610263599,109.69571503568271,136.400955820611,136.0362053915829
1.0,134.63544767617262,32.24066424176948,179.42281804184333,162.46207201373895,92.5132671100572,100.93539628207292,119.9288825392938,118.3494226381205
1.0,138.70751294803375,34.811417855424025,176.66002399934086,172.21902813203587,117.13752920929235,123.3504635953547,163.1768693782401,165.94560387124565
1.0,145.73092750848036,25.40503227038129,167.13942906501623,160.1551500980598,119.326108480997,129.77101542884077,145.2388840619074,140.51784192808861
1.0,139.21443536574904,24.272600854409088,167.61214708231324,161.20129865073284,133.10664003646735,129.9064575824242,147.29930142819697,151.58106251616525
1.0,142.71259433658926,31.99057159437482,169.60430043818542,173.20172460168263,128.20410921482318,133.0127637682791,148.78165457726064,146.62976921199703
1.0,141.4208115148335,51.65022015739557,167.36002051454295,170.74922433066808,120.44351111632828,125.68806006850181,140.6392950690369,136.34994186390603
1.0,97.79402453283512,30.069371071795278,144.06780145406827,172.83421830051154,122.82142355349784,122.1843332988589,151.5402839538652,144.6853805052183
1.0,131.9381375398332,63.32271665176453,163.2787391186133,135.68641479729996,104.25567741457958,100.36893706158318,120.09973765200053,110.72562551978177
1.0,119.25029892187005,76.40910061844879,167.63541260717983,145.66987269823977,100.06731165745231,100.4427902651299,117.71519388436985,115.15660878075155
1.0,120.36887118121132,57.02756309374207,165.89518183670867,147.18783411186757,100.02900072976581,102.08270591457119,119.71418136175848,120.61642979133245
1.0,123.75947735106547,43.46845185649483,156.0890326093751,162.2930878453792,126.05699551034235,91.28984366502483,144.0013969757743,117.6608374242241
1.0,129.76176334942872,45.00597608615209,146.80600917302675,166.14986438060006,121.54918168666322,106.90218115240194,149.98960720372452,144.7463554032792
1.0,106.00359701780637,56.91896825469645,114.38378629631599,159.74865159050242,115.07545341974047,95.41332537205118,149.23404301141994,139.9756034581645
1.0,88.44456579121298,62.597948393599296,136.41327688643045,172.7687394033661,111.14824027705245,87.56503473731941,153.6848269697685,134.06005573714944
1.0,71.80766353707631,64.1171467054233,156.4961644504996,179.57491786034456,99.14847094758709,89.56616995384728,146.68547193397308,133.78748119320653
1.0,75.42731839477057,78.04983888233092,156.6107296101513,173.76972545515392,96.3619944548709,86.8916867469463,157.13322369363166,148.55184685114574
1.0,64.79196536900257,81.17153983524418,157.68457260097034,179.12908512447456,81.72179113282235,84.62170299271881,148.70003709878733,144.90524760330985
1.0,97.64548190458301,70.87119204369104,149.84686882982857,162.31588624299525,87.72341813915168,88.54482849156088,149.99629709163247,140.30691254147104
1.0,114.64159063531638,71.54915784295564,151.55899026889597,155.7106490941772,83.4622388153845,83.15251538749413,154.2934097573249,145.4183987157737
1.0,112.59375672938668,49.45045490254654,137.92567963237445,152.3536058166554,111.91428873178315,105.38390716090066,155.16492072943683,149.61658030971435
1.0,120.90949106081173,62.53811533274858,133.98317558431393,173.93353763054168,134.37560958919454,109.0814992709983,162.61734083351186,144.90614209824975
1.0,88.36917964665368,46.45276691117669,151.36408673031173,160.98443144099573,127.14582736019238,112.46658511143382,154.8486846514891,153.44023591649426
1.0,117.01509606291206,55.94774375620609,133.63103171031884,170.03078806990786,129.56703714688976,101.65307561502732,148.44384310672746,126.70319687560155
1.0,93.72271613392681,43.092713350443624,143.12410871813464,166.56597038121254,148.38971298373752,109.28469774935164,170.00672025840882,170.11547894142873
1.0,118.17754493113698,49.01733979379382,138.33450923270587,166.82008716096692,148.0254090896474,121.94638119726118,148.4482481413667,132.1148357768246
1.0,95.25878184966284,54.460317834845256,141.29148059206827,178.6186147932233,151.39422916007285,101.70338251800315,171.12920437846068,149.94297861370563
1.0,108.85342884991051,43.64515062866697,143.7498146555332,179.91894280927121,160.26908042688675,123.4766067120769,151.62646303862604,129.53805908566633
1.0,116.48300494767079,50.18929731913654,147.2788268719515,167.25295993603072,136.54734109732615,101.62126285259804,149.8476320623611,145.52701591442795
1.0,93.88904140467214,69.42254116582018,158.8796217366796,173.92653002077765,114.36763055435695,148.6404029802424,153.0650766155197,149.5405397128951
1.0,77.20376547489501,35.6315898596636,164.8101479231936,164.5390888550287,177.31245596933624,135.01151687981948,174.66537705336543,164.3848493953041
1.0,116.6588674971652,60.272716252066814,139.08625045174628,168.79004891025346,169.69473448550548,123.43732914367507,151.28646668095877,149.24403008086296
1.0,122.01934414184005,32.44673001223369,153.62137792637094,105.880434619325,168.2861093805424,154.69520006881203,179.4705060092073,166.43498945968082
1.0,127.74281401914585,74.08260025150825,162.62658190938618,165.8530452521849,160.14164787110346,109.34133388628737,151.86582754646537,144.2791716356855
1.0,58.19725188957286,11.77193704127325,154.22026848253253,178.0416463287367,152.1734543451621,155.3709009011629,175.33318615130284,159.495538958866
1.0,118.64561313874191,75.37572999847042,134.1107449995844,167.39613918308282,159.56165372366826,101.0954746364264,154.06160258617828,162.4968055764481
1.0,72.61264333664708,15.167206841831485,152.36359962276023,83.14948988558234,147.92770226299166,164.32996715486846,166.74056140991567,174.61621806366475
1.0,151.7081821178176,106.06452997480596,153.7468210582715,139.2708605390691,150.14405623317552,102.34477219627823,144.3102783351807,150.2747066487238
1.0,50.538314588434034,15.973141640211576,172.3618659390811,147.80222564727876,154.79675739878974,157.9872847889972,175.18404553306087,178.21202396857336
1.0,146.12313010526503,107.64203697678181,140.88795378969323,133.49806959914284,165.5973824160836,118.14323979048807,158.87248170821618,153.71273771914548